"","mean","lower","upper","TypeI"
"1",0.0624262021111733,-0.685073783584641,0.810345211886038,"0"
"2",0.528351258883685,-0.326840658090629,1.35762290978633,"0"
"3",-0.165897149328673,-0.655146556455828,0.221989969487055,"0"
"4",-0.0689189565461663,-0.612364775896326,0.619820398808426,"0"
"5",-0.00471504357218756,-0.413377746461304,0.409152854986474,"0"
"6",0.205179132141466,-0.546520668473952,1.03136582425732,"0"
"7",0.193563594702038,-0.312744428296026,0.707140088716004,"0"
"8",0.0809060400104898,-0.46148535558992,0.668905558821733,"0"
"9",0.262793496902541,-0.560245506055405,1.11610682515931,"0"
"10",0.62259556274004,-0.0392839911062231,1.33658319673269,"0"
"11",-0.784576735903274,-1.40889592475491,-0.167579204740477,"1"
"12",0.08486726880385,-0.368339652202571,0.532280910400075,"0"
"13",-0.192449167734902,-0.771854879056451,0.381940282055143,"0"
"14",-0.101545442115725,-0.797434806919057,0.611047728070713,"0"
"15",-0.202874328929466,-0.764625983920017,0.383342355415438,"0"
"16",-0.135193233587652,-0.657628136022457,0.245234657051994,"0"
"17",-0.547700278051787,-0.880107912969478,-0.1926024022195,"1"
"18",-0.215918393793806,-0.959976662231474,0.500429747511588,"0"
"19",-0.00645816198389335,-0.608821900393062,0.548993421034126,"0"
"20",0.766092832274214,0.2112427380159,1.36909819429725,"1"
"21",-0.0233220691040316,-0.63096808401722,0.601666075281975,"0"
"22",-0.502001897401481,-1.17166788949867,0.147178275174629,"0"
"23",0.198915585770267,-0.300722937508926,0.657748827835257,"0"
"24",-0.169564588886082,-0.74326037687258,0.453550254106633,"0"
"25",-0.521682174020444,-1.12280850023221,0.0806244544524172,"0"
"26",0.421224027573336,-0.358377510667127,1.17946319999602,"0"
"27",0.60434135168661,-0.035050321261062,1.29492377811569,"0"
"28",0.695259447157302,0.331017939815224,1.0633073095289,"1"
"29",0.608730830386325,-0.0642726497446727,1.2866631678286,"0"
"30",0.0420955881112887,-2.46706492897783,0.971998987643045,"0"
"31",0.129309832537276,-0.56098055126471,0.783708311414593,"0"
"32",-0.0014919121382568,-0.903001405661519,0.861583813124092,"0"
"33",0.0858412872757056,-0.232360888399591,0.396361007144363,"0"
"34",-0.0438481190600507,-0.786976896521332,0.843595324607433,"0"
"35",-0.541230640014063,-1.07119489352464,0.0276396976107122,"0"
"36",0.0140717535238794,-0.29428499059534,0.430671236153749,"0"
"37",0.0242606487864113,-0.476992448751629,0.600483740246342,"0"
"38",0.676784783945997,0.0425855469717542,1.20794560647591,"1"
"39",-0.0938183138252725,-0.602867452281224,0.426762598229094,"0"
"40",0.0463446389048243,-0.914941825458104,1.02736268560486,"0"
"41",-0.02251066702672,-0.699574271538041,0.558561221990464,"0"
"42",-0.204795879063297,-0.802251282657023,0.509923663307916,"0"
"43",-0.235158492961664,-0.79180780654984,0.410755267757136,"0"
"44",-0.346781906165699,-0.710694969086658,0.00478877346055323,"0"
"45",0.392241150644825,-0.542085118450812,1.29054942176239,"0"
"46",0.300304618684974,-0.181869543876498,0.783774451948839,"0"
"47",-0.591079361120153,-1.1249734419059,0.103635346020495,"0"
"48",0.169429564498586,-0.436401693070789,0.743450249739789,"0"
"49",-0.639718815308892,-0.912934077077286,-0.338302948661799,"1"
"50",-0.0440738688630568,-0.613111297894465,0.470706874699754,"0"
"51",0.549776514993191,-0.313170242205337,1.37950339293223,"0"
"52",0.160402717250253,-0.697781756223324,1.14630312376622,"0"
"53",-0.797265918552388,-1.38525223363583,0.00364441881102886,"0"
"54",-0.275709719675564,-1.09091023312678,0.587902312296244,"0"
"55",0.627821355765068,-0.0584652271002559,1.48219865845746,"0"
"56",0.335386400416359,-0.504570152177827,1.22152727250229,"0"
"57",0.0665494111764396,-0.332005487256169,0.502506486333791,"0"
"58",0.109702155674256,-0.506410061860352,0.804212980116785,"0"
"59",0.193781699303169,-0.392245636057759,0.865782054915543,"0"
"60",-0.273096048076164,-1.30641561129671,0.698917452832082,"0"
"61",-0.0873389169005719,-0.623042748393699,0.503728912193482,"0"
"62",-0.0999181498031916,-0.544480108160599,0.37444936915981,"0"
"63",-0.270258853726138,-0.767673793341657,0.356064160524522,"0"
"64",0.295093034590229,-0.334290192175683,0.904125248222706,"0"
"65",-0.527346347327283,-1.09880641395261,0.200950977064986,"0"
"66",-0.277229638321722,-0.989265456491837,0.35538383309503,"0"
"67",0.493227378461645,-0.0139074022983292,0.943870046811185,"0"
"68",-0.225779892013064,-0.890321855732695,0.438196580135337,"0"
"69",0.0483333699146207,-0.426706457695951,0.563180420296059,"0"
"70",0.635042030602381,-0.0188928122404996,1.33471763901717,"0"
"71",-0.367408437978889,-1.23547749182561,0.504616560428086,"0"
"72",-0.447489326186082,-1.00755112359011,0.074106780731228,"0"
"73",0.223581349970543,-0.815732422982517,0.921817439905371,"0"
"74",-0.58938439006852,-1.17174872417454,0.0641231731689823,"0"
"75",0.161329705941246,-0.297992297476639,0.479595695505168,"0"
"76",0.033960097464445,-0.460118843198763,0.604246029630662,"0"
"77",0.0508595101104926,-0.625687818388038,0.784927644036245,"0"
"78",-0.0463032107466693,-0.873739039983604,0.854838067900654,"0"
"79",-0.100331480803256,-0.951689940009215,0.540243442360521,"0"
"80",0.072630881983163,-0.618037249943071,0.669897525028105,"0"
"81",0.0873568393877374,-0.531925216482417,0.708892458231313,"0"
"82",-0.156849556433174,-0.891111343786412,0.674514749403763,"0"
"83",0.101308817706714,-0.62214488294741,0.90192140045097,"0"
"84",-0.0665352424539542,-0.698843860000457,0.501056193413412,"0"
"85",-0.793723496531327,-1.49410214097066,-0.275451763350932,"1"
"86",-0.0309437321968579,-0.59055364924559,0.460628289086056,"0"
"87",0.0480742274920393,-0.731599124042215,0.856513893481461,"0"
"88",-0.269229123177224,-0.849743252661915,0.381308981070611,"0"
"89",-0.322160981550733,-1.19427058307185,0.581755229230312,"0"
"90",0.0715143930070209,-0.49301470928765,0.650805529965613,"0"
"91",0.258886368824936,-0.165542912765558,0.69796155066965,"0"
"92",0.0928696789437368,-0.278757032877443,0.540869164362326,"0"
"93",-0.411522896938478,-1.00046847890363,0.173402702993563,"0"
"94",-0.450356073691669,-1.06003552128512,0.418855678361683,"0"
"95",-0.210220428805726,-1.01440769549906,0.650902716367497,"0"
"96",0.261163557018492,-0.43378062784293,0.875306486250478,"0"
"97",-0.289552113782252,-0.959785069674724,0.186116521106464,"0"
"98",-0.226287394587576,-1.08589909815348,0.544511938139763,"0"
"99",0.413545255722409,-0.12382272470661,0.964397496289664,"0"
"100",0.0865211798842275,-0.349367097646811,0.518428078512855,"0"
"101",0.49202347588511,0.217565499114915,0.811540848870117,"1"
"102",-0.557189349475605,-1.35731905103633,0.18048499492312,"0"
"103",-0.172045081832946,-0.719096349334418,0.271856675963027,"0"
"104",-0.270200480578252,-0.958527300889873,0.369196113230147,"0"
"105",-0.145283393545994,-0.727376231337687,0.482082020706052,"0"
"106",-0.683573213718421,-1.37328222004061,-0.143211551238976,"1"
"107",-0.00837491247847267,-0.824293919121711,0.820304737013753,"0"
"108",0.181897161236617,-0.227452684101622,0.575565301021792,"0"
"109",-0.00799865243104475,-0.848474450578339,0.912829261102704,"0"
"110",0.810199137607398,0.364748508784207,1.26072474065534,"1"
"111",0.175916485628699,-1.00378051112525,1.23160663119472,"0"
"112",-0.144668771458906,-0.59952990827905,0.32277042861358,"0"
"113",-0.412699033130365,-0.887375825294035,0.0329038176709713,"0"
"114",-0.111546175934135,-0.913234911278768,0.775654076286641,"0"
"115",0.20666001102723,-0.302290815560234,0.707088724029873,"0"
"116",0.196134440755841,-0.294129268906806,0.613002969253393,"0"
"117",0.200743070458596,-0.5593625066969,0.994932746324279,"0"
"118",-0.279399702322333,-0.877592118084026,0.204374379131834,"0"
"119",0.526764170347668,-0.13665741451672,1.05459648787045,"0"
"120",0.252028244660956,-0.0627256791684904,0.600326191919871,"0"
"121",-0.0426731050231233,-0.636497929445448,0.61331778762506,"0"
"122",0.566994494856887,-0.10417401361689,1.22702716290334,"0"
"123",-0.147758300194463,-0.462956388738773,0.138736003013168,"0"
"124",-0.28484078628126,-1.04768839395114,0.334670941227683,"0"
"125",0.220947726427348,-0.397133165499212,0.758394405480215,"0"
"126",0.0379081701530093,-0.588989690763493,0.600540002467226,"0"
"127",-0.0915327232252971,-0.779726854815268,0.660388344172233,"0"
"128",-0.26085442548581,-0.923146051152406,0.509053392696535,"0"
"129",-0.274254139236332,-1.21490787608158,0.465315494868216,"0"
"130",-0.103000598206218,-0.932303986732599,0.672888238893577,"0"
"131",0.0573650711834131,-0.658952921363414,0.713711938673698,"0"
"132",-0.212360007647396,-0.882749557146439,0.469666320998333,"0"
"133",1.008186197411,0.455644509546543,1.59541935522777,"1"
"134",0.479215384628508,-0.15126341264927,1.06887749072347,"0"
"135",-0.0835001084474289,-0.697757101644053,0.484574991300133,"0"
"136",-0.0205754053388489,-0.501660977479046,0.461055065569388,"0"
"137",0.185588324298008,-0.689818964083846,0.932748226452123,"0"
"138",-0.156606331036858,-0.920164771267265,0.59719635140481,"0"
"139",-0.591683694663974,-1.41835321883821,0.331215784628368,"0"
"140",-0.0627215735262426,-0.860097620550051,0.68233680944302,"0"
"141",-0.0773468180245486,-0.475303106793869,0.358580811036616,"0"
"142",-0.418593738306628,-0.787691686407384,0.00303367075450961,"0"
"143",-0.195516708345967,-0.998524562973008,0.539550350991418,"0"
"144",-0.228255148329426,-1.15984239607417,0.73057053906337,"0"
"145",-0.134730564704157,-0.824233115164869,0.56467916027546,"0"
"146",-0.189269293662064,-0.860323679990956,0.463377694136106,"0"
"147",0.199721519186986,-0.431237669979084,0.956270422429789,"0"
"148",-0.689897972977483,-1.84826903450128,0.446406765150906,"0"
"149",0.081610563520706,-0.567985220301969,0.765855218328235,"0"
"150",-0.27373548421355,-0.890412894301258,0.264295816692864,"0"
"151",0.22659025889601,-0.469770072395971,1.05215731091948,"0"
"152",-0.0135224978809554,-0.776778776329236,0.624354202922889,"0"
"153",-0.448306437676713,-0.81019009128994,-0.128746586424745,"1"
"154",-0.112680748722207,-0.939778791846525,0.900006152964977,"0"
"155",0.0535788816776473,-0.320971349001843,0.443943918182682,"0"
"156",0.375863856233623,-0.212449004504094,0.918583393010541,"0"
"157",0.346659642013976,-0.126495493488518,0.851915441794594,"0"
"158",-0.287742151978528,-0.983228247273566,0.515325376501605,"0"
"159",-0.0309505558165528,-0.671711669918307,0.704925925673812,"0"
"160",-0.375165374210666,-0.827593462262188,0.101996532807115,"0"
"161",0.0866528680727738,-0.634389537644628,0.887908557071985,"0"
"162",-0.744959200659547,-1.23640489958314,-0.287602379662426,"1"
"163",0.306306095675989,-0.0569651153235273,0.626983724712707,"0"
"164",0.0491114922430531,-0.639561955286801,0.993056133709476,"0"
"165",-0.406104467030723,-1.01000684416074,0.163082422298465,"0"
"166",-0.259609991730077,-1.3777112313767,0.741649615055259,"0"
"167",-0.83317081293965,-1.40094297744771,-0.277094352267303,"1"
"168",0.0150449841949219,-0.763519855997333,0.795811434820132,"0"
"169",0.522942640314097,-0.037165248479973,1.04398474121121,"0"
"170",-0.281111416060578,-0.71765035614285,0.0423044156845734,"0"
"171",-0.0660658764294055,-0.764789935470493,1.43176508945095,"0"
"172",0.0444591778838211,-1.25499774344311,1.36621197281486,"0"
"173",-0.238981619760065,-0.614479432397417,0.103991920456248,"0"
"174",0.263483619357485,-0.290758887591933,1.12791689609631,"0"
"175",0.22824772586306,-0.128190573242203,0.566239853961028,"0"
"176",0.0497205429383305,-0.525090103420428,0.556842049284301,"0"
"177",-0.10168466016817,-0.688345328235765,0.507600114015549,"0"
"178",-0.0867847496834316,-0.436671305907522,0.280794300333265,"0"
"179",-0.231457316522294,-0.786924206423667,0.404941224203469,"0"
"180",0.00538142819085781,-0.61446578828877,0.445643103318966,"0"
"181",0.37871784490218,-0.226479734584814,0.947347877901162,"0"
"182",-0.00448309490378888,-0.434518115982409,0.47764028728487,"0"
"183",-0.428263081517648,-1.07150547293128,0.192934767470228,"0"
"184",0.158007480862492,-0.587148911015125,0.996465793362158,"0"
"185",0.289986314467108,-0.522947666478294,1.08502988635426,"0"
"186",-0.123578362427265,-0.942988390052819,0.789959162211357,"0"
"187",-0.347013371533228,-0.852420215116281,0.273618321089452,"0"
"188",-0.788662419891577,-1.21738951891975,-0.328941238706171,"1"
"189",-0.125482286426727,-0.504824783756719,0.373501017272558,"0"
"190",0.280106558124301,-0.204119311713269,0.653388451512722,"0"
"191",-0.35296447034905,-0.859244071910313,0.152365680198436,"0"
"192",0.112034102923423,-0.332565258410663,0.526683959627082,"0"
"193",0.421897817527297,0.0381546589759175,0.819695573923889,"1"
"194",0.242611650604956,-0.301020864876254,0.717481914799957,"0"
"195",0.142690986604858,-0.908905836743016,1.1316989526275,"0"
"196",-0.601177072542427,-0.94187027725632,-0.182589542951674,"1"
"197",0.369364039914752,-0.00717816774842028,0.737046727110649,"0"
"198",-0.103138012520655,-1.01364155405613,0.8586088515521,"0"
"199",0.240491015470855,-0.421051922914856,0.962764230844833,"0"
"200",0.633725350096026,-0.030679054889007,1.35621782250737,"0"
"201",-0.130495281152352,-0.713071351032449,0.541310787774504,"0"
"202",-0.158954358682353,-1.00927551465688,0.527394615682548,"0"
"203",-0.190908040922205,-0.947635468495226,0.794259587179864,"0"
"204",-0.00173001118678766,-0.361115542772315,0.370051732051093,"0"
"205",0.03517764224746,-0.671063446308965,0.800781249468864,"0"
"206",-0.169198396015282,-0.52559036788263,0.157414667529931,"0"
"207",0.126881971901784,-0.437105858582442,0.80105632689168,"0"
"208",0.0609286552342393,-0.525033227428238,0.721248896900988,"0"
"209",0.0928244057994666,-0.489367271942052,0.672265219884764,"0"
"210",-0.407262155690914,-0.944077961062771,0.109879143310514,"0"
"211",0.659429034616384,0.239292962696607,1.06268895774708,"1"
"212",0.358640607756686,-0.394300494457348,1.08489528812494,"0"
"213",0.421620974074326,-0.494416398389131,1.29088916768373,"0"
"214",0.820796613270146,0.0698631852391356,1.31250115338767,"1"
"215",-0.0359386099199747,-0.523439368919278,0.379835091122803,"0"
"216",0.527678052848089,-0.138316533988928,1.1201149825128,"0"
"217",-0.0976251582274026,-0.681168508369012,0.484595569754664,"0"
"218",0.142594539258989,-0.454646090317226,0.724704262654102,"0"
"219",-0.323231982787739,-0.922430007784974,0.331036311759107,"0"
"220",-0.564758464370939,-1.22762725268965,0.104666983271558,"0"
"221",-0.391096515033419,-1.02627882586465,0.203012713931379,"0"
"222",0.289244917556816,-0.201756692215806,0.82518917915812,"0"
"223",-0.0551825787927807,-0.613915583033499,0.52562503180701,"0"
"224",0.162230649104131,-0.491995143250767,0.831530770780542,"0"
"225",0.313065600838308,-0.387121817558128,1.1399662747982,"0"
"226",0.0879544416588922,-0.876484673724871,1.1204306373493,"0"
"227",0.331541635621834,-0.140562422212689,0.773357103604409,"0"
"228",-0.0499471692969471,-0.478922033387482,0.5149409814714,"0"
"229",0.281503063831267,-0.353858649642738,0.841302752935334,"0"
"230",-0.447513658263333,-1.37694408522087,0.587403875852637,"0"
"231",0.20171732898884,-0.410673048383453,0.811765964766272,"0"
"232",0.542534112963121,0.0057310186726597,1.11799013766655,"1"
"233",-0.109462380294276,-0.637718569257617,0.510125462780477,"0"
"234",-0.287817817801489,-0.738824615726825,0.143241342787199,"0"
"235",-0.20667981596272,-0.946732393159472,0.507901082442484,"0"
"236",-0.13412922092858,-0.720738585053317,0.449484020348588,"0"
"237",-0.209825522928304,-0.929045470954912,0.47290578904023,"0"
"238",-0.325433957531411,-0.88609556308617,0.332243913566706,"0"
"239",-0.143451697604182,-0.716312304182884,0.535996140778811,"0"
"240",-0.591237078285998,-1.19286846599942,0.110074119648452,"0"
"241",0.492012318086633,-0.0775619537716413,1.06509805763396,"0"
"242",-0.10400095689525,-0.68840361766656,0.443863081726211,"0"
"243",0.0356068260404696,-0.389300422857453,0.456428371541912,"0"
"244",0.0750673122564615,-0.381660761303555,0.51400134119047,"0"
"245",-0.156317182310049,-0.638078237829666,0.399405748771553,"0"
"246",0.495709054967625,0.0786355911765956,0.922317274092795,"1"
"247",-0.107614626273785,-0.774323962441877,0.564705101266549,"0"
"248",0.141196686801054,-0.454800777366974,0.740768796756221,"0"
"249",-0.204059418119451,-0.505368509999742,0.0879249074913748,"0"
"250",-0.00931674745051182,-0.773275689092218,0.608600385928273,"0"
"251",0.217479031582419,-0.466703818535365,0.983619134317878,"0"
"252",-0.377668235757966,-0.949062442150668,0.211200763699107,"0"
"253",0.324760654515696,-0.132328646434845,0.844205818471818,"0"
"254",-0.0524184734439283,-0.975641702565479,0.834457646970537,"0"
"255",0.137390220734018,-0.300179129694526,0.567832430770881,"0"
"256",-0.351628369287004,-1.18533773010741,0.509499396007831,"0"
"257",0.0642279772124448,-0.180273430113507,0.291839052454194,"0"
"258",0.268186469119649,-0.514248971689136,1.06556738536946,"0"
"259",-0.033561437403835,-0.813761738634015,0.757732357293949,"0"
"260",0.0266544430646809,-0.868896301058946,0.832570271339896,"0"
"261",-0.310579173900428,-0.763154201729446,0.121115971584512,"0"
"262",0.267404326983051,-0.479043363115867,1.03002098724242,"0"
"263",0.670131313126009,0.00492975736886402,1.44989919096736,"1"
"264",0.283049379645142,-0.143948403776003,0.95297905339322,"0"
"265",0.344291272133773,-0.0573210286100656,0.759176241002396,"0"
"266",0.097992973757676,-0.688240992515728,1.03788371322489,"0"
"267",-0.0573099790148456,-0.764409204465479,0.66671791200525,"0"
"268",0.664242483546132,0.0253351577482531,1.36182397223743,"1"
"269",0.32377171493142,-0.305700150388094,0.876106554312565,"0"
"270",0.414551308985253,-0.178782405088693,1.06274981890656,"0"
"271",0.530105991046227,0.023822499650759,1.02663530314233,"1"
"272",-0.528021905954342,-1.16363085051398,0.0594664033365013,"0"
"273",0.271081624899496,-0.585848745790938,1.09197841316259,"0"
"274",-0.227534377923833,-0.821814332165954,0.369311646259088,"0"
"275",-0.645901147555239,-1.33828002296658,0.0511728107157113,"0"
"276",0.0409821626794478,-0.649976208770244,0.567502388664511,"0"
"277",-0.257878690302186,-1.06737701395262,0.675355642597154,"0"
"278",0.358598896804916,-0.250674811531844,0.863363305475189,"0"
"279",0.365117603165095,-0.105301552660916,0.825362475785158,"0"
"280",0.273495322876139,-0.0681352044984425,0.770881683084831,"0"
"281",0.323254182562597,-0.305116852747108,0.982756153658799,"0"
"282",-0.0587832535267725,-0.426615722586041,0.299068359026246,"0"
"283",0.207823405274555,-0.861842638240333,1.24101999208155,"0"
"284",0.909622474590768,0.209875966167292,1.53136826766705,"1"
"285",-0.395580702287082,-0.930739682164441,0.261491022787359,"0"
"286",-0.0317177605809928,-1.12817199065222,0.736653297877105,"0"
"287",0.395485215055978,-0.300247761521844,1.05748677141475,"0"
"288",0.193467571420716,-0.585262946267517,0.900232196470576,"0"
"289",-0.349774883944534,-0.929774601499668,0.385064844266454,"0"
"290",-0.203968091183956,-0.562439827592898,0.0990550234031712,"0"
"291",0.285954273014555,-0.404727725783058,0.878196545424507,"0"
"292",0.236493562897045,-0.342904396567756,0.816683573897656,"0"
"293",-0.120930339850389,-0.978682532396834,0.775492528945438,"0"
"294",-0.536006934961213,-1.25832763511517,0.165761228875572,"0"
"295",-0.511348529532099,-0.968670990901298,-0.0357474295729462,"1"
"296",-0.254325387114324,-0.743242764057511,0.144231259232625,"0"
"297",0.115727358304915,-0.442059695893137,0.729720152809648,"0"
"298",-0.379639139895085,-0.814275084401297,0.14935800349778,"0"
"299",0.138918966085875,-0.785984463956305,0.706199944622754,"0"
"300",-0.367776937256782,-0.93786904243658,0.26516999852113,"0"
"301",0.107218682690328,-0.451695124794927,0.703922310594397,"0"
"302",0.225327665870285,-0.314747504121721,0.785511854546367,"0"
"303",0.212342707199331,-0.20030999956907,0.648993907699316,"0"
"304",0.344503806668943,-0.148218102549906,0.817778272148981,"0"
"305",-0.112279663638264,-0.59039741189874,0.389418841174233,"0"
"306",-0.219610087898133,-0.746056860389131,0.32815986621491,"0"
"307",-0.0960094600298432,-0.841874802525015,0.561220642589969,"0"
"308",-0.0591926309763319,-0.607775274129527,0.53614967789665,"0"
"309",-0.191426259303602,-1.07871444805286,0.777026285999424,"0"
"310",-0.269437498025745,-0.904089872131633,0.432719767112344,"0"
"311",0.090574114454315,-0.42509938917262,0.564231981243236,"0"
"312",-0.304464519505466,-0.887187596306123,0.27599645684061,"0"
"313",0.75900538842375,-0.333916311983946,1.97486474792433,"0"
"314",0.0963873615215722,-0.560228302215507,0.695978771841952,"0"
"315",-0.232421817887642,-0.96909435078202,0.525770533197144,"0"
"316",-0.13689113735013,-0.521781128393919,0.225767304445459,"0"
"317",-0.442432188271811,-1.1901808547653,0.282119889131694,"0"
"318",-0.723888099713743,-1.47325612621735,0.0597629924149037,"0"
"319",0.0825813583786826,-0.496680680531856,0.69414460375331,"0"
"320",-0.125448808074188,-0.565459355072238,0.450824094052289,"0"
"321",0.247361110203467,-0.195514289203323,0.767037538592517,"0"
"322",0.328677923839382,-0.43526747264662,0.960074181319277,"0"
"323",0.65294152733058,-0.152227934050168,1.43208127414417,"0"
"324",-0.450245734903046,-1.09262024185862,0.0897578331100844,"0"
"325",-0.467371202718212,-1.02189755726991,0.0631036855356949,"0"
"326",-0.507453183245901,-1.49534964668171,0.449633602882983,"0"
"327",-0.120775090133747,-0.646954213568931,0.519547492498245,"0"
"328",0.175161044762558,-0.392956045196774,0.737556207420025,"0"
"329",-0.466538031528637,-0.856277660958714,-0.0532154980340196,"1"
"330",-0.0903330223097024,-0.591107655893634,0.589793756346948,"0"
"331",-0.393982318442598,-0.921615201702445,0.135237757202025,"0"
"332",0.634939467417912,0.321186929268349,0.933219780784033,"1"
"333",0.522874858626107,-0.0229350206182218,1.11481696281969,"0"
"334",-0.451234726419706,-0.822182842988665,-0.0862105030832983,"1"
"335",0.486174375495474,-0.161948773677231,1.09948390229206,"0"
"336",0.375397500709402,-0.0533304305565824,0.892540730355078,"0"
"337",0.118138510215112,-0.288302063066462,0.488830083348101,"0"
"338",-0.18656012742721,-0.73251952066361,0.378290365250643,"0"
"339",-0.528888085183313,-1.22699026034828,0.20248276979572,"0"
"340",-0.187602866840414,-0.810410876461575,0.548975143954878,"0"
"341",-0.404995678099107,-1.27409382214659,0.454506229092309,"0"
"342",-0.113942742142038,-0.597835138328267,0.342416847666747,"0"
"343",0.605234276029434,-0.155035874484506,1.34861030115341,"0"
"344",-0.0361661477135699,-0.459474785967078,0.385913334154677,"0"
"345",0.265190708787992,-0.540737725707391,0.957015367474285,"0"
"346",-0.164986241006293,-0.76699258864573,0.400659200303122,"0"
"347",-0.430461408997101,-1.27349306869535,0.572090182803095,"0"
"348",-0.438064955511703,-1.18290222564431,0.323694485587144,"0"
"349",0.352338024565803,-0.00069735484911134,0.686724321023142,"0"
"350",0.651443207053443,-0.00755613957859015,1.71104355919107,"0"
"351",0.702280060916483,-0.0124647983397311,1.36280275716052,"0"
"352",-0.0733967886666625,-0.84346085908446,0.575774202106957,"0"
"353",0.24436545663735,-0.393529411952456,0.836262684303066,"0"
"354",-0.393204681477287,-1.00885727024649,0.228234943236059,"0"
"355",0.0881601784503587,-0.527070384779386,0.695586462008263,"0"
"356",0.292936540447851,-0.143550899249261,0.687544491472678,"0"
"357",0.0710602334426885,-0.565024750076199,0.649831221823623,"0"
"358",-0.108839331844479,-0.637474532124913,0.43664672165933,"0"
"359",0.174859801807188,-0.640084761307454,0.964919983014991,"0"
"360",-0.19328845658538,-0.764179543723297,0.300019820234652,"0"
"361",0.383470390805958,-0.1920882640678,0.882669852443755,"0"
"362",-0.371459412725564,-0.998003112982272,0.260035708836759,"0"
"363",0.355523314183094,-0.228424305113972,0.95754420443947,"0"
"364",0.399314155648554,-0.123350690446099,0.946942294273754,"0"
"365",-0.0568239673918802,-0.668755234612832,0.594786674914896,"0"
"366",-0.284451664316773,-0.984470595100421,0.376406355567063,"0"
"367",0.206474949387987,-0.235122575115781,0.683863977955079,"0"
"368",-0.232606161809903,-0.879550490849073,0.461287767677177,"0"
"369",-0.0858035404706706,-0.704744614274029,0.531817015956882,"0"
"370",0.163472736213262,-0.7264589789508,1.24662742476908,"0"
"371",0.236894287337765,-0.435961873853859,0.859436454586382,"0"
"372",-0.0358112259597959,-0.55002549907407,0.430801024600268,"0"
"373",-0.0408282288536302,-0.376758371205603,0.308367864276661,"0"
"374",-0.225835174183085,-0.846741099510053,0.497839037122351,"0"
"375",-0.0233870321709654,-0.321855765107124,0.337802234436221,"0"
"376",0.000668087809371776,-0.650717453258861,0.658569644441689,"0"
"377",-0.401449433017536,-1.09825544976387,0.411909261439409,"0"
"378",0.120244346326759,-0.481656391092755,0.853608191406507,"0"
"379",0.0898009922435966,-0.5250281710131,0.855409276561594,"0"
"380",0.60936690174071,-0.0908061216980237,1.30151914066459,"0"
"381",-0.0152978962714885,-0.812379653257751,0.781179329669023,"0"
"382",0.0755139166757965,-0.620350755928488,0.729632943824725,"0"
"383",0.13799935658699,-0.351876390258734,0.640567543817222,"0"
"384",-0.173229469142711,-0.725628882208725,0.377891988072066,"0"
"385",-0.486170653647611,-1.22109948603115,0.309074261747824,"0"
"386",0.40221301144182,-0.208595030044487,1.0041556125718,"0"
"387",0.269310121438376,-0.678349835800525,1.14145524964645,"0"
"388",0.2082204005415,-0.59118977575518,0.966273077458986,"0"
"389",-0.442537238464105,-1.16077730345034,0.237867737328392,"0"
"390",-0.153501945785144,-1.20214637698672,0.938807376815651,"0"
"391",-0.396178161300183,-1.06753901467136,0.303121299883334,"0"
"392",0.320311436069447,-0.279839455204652,0.935176279025789,"0"
"393",-0.332020508702674,-0.925946301034147,0.263858979471057,"0"
"394",-0.248902695450239,-0.689957680802013,0.289923566725639,"0"
"395",-0.0482991468529208,-0.684870188519134,0.587419054252555,"0"
"396",-0.295962323117024,-0.759319403722349,0.174543647568489,"0"
"397",0.646913239658761,0.238019164583153,1.07846025175902,"1"
"398",-0.425982332097001,-1.15845838511246,0.263622091296641,"0"
"399",0.284691962985026,-0.15559276485424,0.69086087107852,"0"
"400",0.711459554955958,0.28623237985032,1.10399852849866,"1"
"401",0.399476951456114,-0.193016446299312,1.09015528589953,"0"
"402",-0.012879584840101,-0.512772405013684,0.720288025769459,"0"
"403",0.0886331670574904,-0.828607119996438,1.21408648747732,"0"
"404",0.181605124903396,-0.419499416093019,0.830623749688632,"0"
"405",0.109338233715126,-0.382988505246578,0.634403519330911,"0"
"406",-0.357694303713621,-0.987370328275682,0.260844177721003,"0"
"407",0.249197817312369,-0.267375787342214,0.858677786665658,"0"
"408",-0.140565306936663,-0.631614920217969,0.414093695193176,"0"
"409",0.262023634825397,-0.443747325208215,1.1085886627738,"0"
"410",-0.379604900040447,-0.803683115826665,0.086255691288224,"0"
"411",-0.243333101778024,-1.1697752808361,0.566609828214984,"0"
"412",-0.341193716435962,-1.04057691974893,0.436899753029773,"0"
"413",-0.344680487596417,-0.826360101749843,0.126707930246238,"0"
"414",-0.156994016420167,-0.535334048054984,0.208307152401421,"0"
"415",-0.0986488720247048,-0.480862999606,0.292398747678856,"0"
"416",0.186677322847561,-0.673557272771757,0.954587008715257,"0"
"417",-0.0845568940716302,-1.02593029308187,0.939346532444868,"0"
"418",-0.277170156513725,-0.933371308873001,0.362617883071069,"0"
"419",0.292681638012383,-0.056222485342351,0.616123765544159,"0"
"420",0.0720060978953672,-1.01862927690534,0.983949200476473,"0"
"421",-0.242124900359179,-0.708119920688877,0.260747066032672,"0"
"422",-0.465676494874524,-1.38974548332873,0.268708261475231,"0"
"423",-0.416851468156295,-1.21399257041016,0.35721502619445,"0"
"424",-0.00553598580325937,-0.567435315919504,0.563743008672471,"0"
"425",0.300796993048358,-0.808991056790904,1.3889587779205,"0"
"426",0.210700188592004,-0.223718536059481,0.725679964708184,"0"
"427",-0.342400657742822,-1.00117589599196,0.274422587504646,"0"
"428",0.127354208313701,-0.648219265879849,0.868279167699648,"0"
"429",0.247303926853438,-0.355835143335423,0.822551690077625,"0"
"430",-0.0709293163775192,-0.965504440465354,0.864462173512125,"0"
"431",0.0723255603306355,-0.686563923812474,0.716589189224344,"0"
"432",-0.619887616225502,-1.28212666222857,0.0532725150406215,"0"
"433",0.0466915025223658,-0.49953335081431,0.568601741348348,"0"
"434",-0.515798667331033,-0.997485590445603,0.0234235571610374,"0"
"435",-0.090073829320494,-0.365123958851656,0.205311829127222,"0"
"436",0.301426185885695,-0.172329699698792,0.834426611322866,"0"
"437",-0.045815235615866,-1.02697423431741,0.986278669748763,"0"
"438",0.344215881066679,-0.553892450269692,1.04616930799127,"0"
"439",0.161675069726609,-0.684381523632027,0.95919288650556,"0"
"440",-0.183519468208683,-1.15241909580734,0.917566958409596,"0"
"441",0.0925877429094883,-0.341312935712761,0.621866342481404,"0"
"442",0.145347308978363,-1.31974111520322,1.30313359229654,"0"
"443",0.0427401454337652,-0.732974715981116,0.758510683236784,"0"
"444",-0.300855776272304,-0.984809024033025,0.394639324856289,"0"
"445",-0.577219687454789,-1.46369287598632,0.275462262999972,"0"
"446",0.476090548667526,-0.0664681266741737,1.0422216424637,"0"
"447",0.0107322873271714,-0.640867806638883,0.622501244610675,"0"
"448",0.0244011123941194,-0.553612225434308,0.563939598297553,"0"
"449",-0.249371092447681,-0.756607057011869,0.247319746260992,"0"
"450",0.241912992702061,-0.531357449498668,1.0441607510815,"0"
"451",0.427959246898539,-0.220857183909081,1.07767316911642,"0"
"452",0.424865947855542,-0.316381770853821,1.10086443226734,"0"
"453",0.145558950056979,-0.304650044351296,0.664481946390885,"0"
"454",-0.10485464716199,-0.934762140606247,0.552603687493505,"0"
"455",0.025651602045947,-0.549605138046923,0.608353456282668,"0"
"456",0.144165503472322,-0.442704605993417,0.748713405217166,"0"
"457",-0.181702270138307,-1.02068767228453,0.743826878276235,"0"
"458",-0.265579786652396,-1.1000453398313,0.556365968532083,"0"
"459",-0.0921974025081741,-0.779229457085545,0.595566114748878,"0"
"460",-0.722008904859515,-1.20211684677775,-0.23784292000844,"1"
"461",-0.31919799551139,-0.871339477038974,0.237621716956395,"0"
"462",-0.193843840580996,-0.604497002642119,0.234630252154154,"0"
"463",-0.254441354465612,-0.978288025864109,0.488140942976966,"0"
"464",-0.288166461872999,-0.86403069753813,0.209995143662373,"0"
"465",-0.248998200830734,-0.713491062273903,0.270516524189479,"0"
"466",0.750966476619387,0.329602841960137,1.13271991443252,"1"
"467",-0.0545130983300039,-1.01576235754819,0.937335119079565,"0"
"468",0.0847729584663116,-0.397244232383565,0.487946709005403,"0"
"469",0.264139006576969,-0.397125146791517,0.956735352379727,"0"
"470",0.382112676897526,-0.366376350708869,1.24448807166666,"0"
"471",-0.409077270846174,-0.89529026595809,0.0185264522072881,"0"
"472",0.152330374165749,-0.265416883065095,0.633591410327934,"0"
"473",-0.749127002147065,-1.36404918407364,-0.197239146417212,"1"
"474",0.310742987941083,-0.388753886942916,0.932793398545866,"0"
"475",-0.400124468924637,-1.04310009133071,0.238082668282472,"0"
"476",-0.473927490749445,-1.22944279325589,0.28739719700702,"0"
"477",-0.0526753113373284,-0.566751187870698,0.500477073788862,"0"
"478",-0.561027615306589,-1.11534876851116,-0.0298617845775502,"1"
"479",-0.343103621039002,-0.83653683939164,0.175931930483732,"0"
"480",-0.493658419831364,-0.938235219695553,-0.0501932675261464,"1"
"481",0.0834312583887834,-0.686200765973479,0.837868342283829,"0"
"482",0.0928630462322046,-0.580523217347678,0.666215004360826,"0"
"483",0.34888102019992,-0.0818734750987873,0.834570981617823,"0"
"484",-0.596993916922873,-1.12058422914724,0.159756994346897,"0"
"485",-0.0070842128486222,-0.587374040140819,0.555467193370369,"0"
"486",-0.0898341845704037,-0.59466113698056,0.467767613958837,"0"
"487",-0.100776936683766,-0.673420852801581,0.871874373568925,"0"
"488",-0.159313935785695,-0.462412138950836,0.135262902631346,"0"
"489",-0.261061481331665,-0.924559036168417,0.382482750004174,"0"
"490",-0.0402744699215702,-0.647449792703594,0.819619661922492,"0"
"491",0.183280857912976,-0.243672879409079,0.551809880673142,"0"
"492",0.0187694882111536,-0.763528428795597,0.62086472381775,"0"
"493",-0.0261550677311869,-0.671665025259301,0.644059342717996,"0"
"494",0.127241433503585,-0.635748461192429,0.774863495480566,"0"
"495",0.290858311589027,-0.207995248174023,0.783951413138396,"0"
"496",0.264401303758979,-0.151886845737432,0.700901339287008,"0"
"497",-0.253654367812582,-0.863508261010724,0.334691725340951,"0"
"498",-0.13828629685099,-1.16598133696371,0.812281302098852,"0"
"499",-0.251566628205644,-0.731045206357193,0.262374099014511,"0"
"500",0.802588751676021,0.473716868534385,1.24300428915998,"1"
"501",-0.134383195785309,-0.646880835000544,0.454456657234121,"0"
"502",-0.306491683142059,-1.05633549515009,0.501205558820693,"0"
"503",0.430188189265747,-0.135183236415807,0.862833729401449,"0"
"504",-0.316525771830735,-1.1203483693781,0.545775165339645,"0"
"505",0.252961364409998,-0.471105521195967,1.00421301101724,"0"
"506",-0.25403798087125,-0.590607037466159,0.0623137029787001,"0"
"507",-0.160208968103563,-0.919264885696277,0.616443833074527,"0"
"508",0.702662648943844,-0.053280227194527,1.67767971935876,"0"
"509",0.0260696492366475,-0.767445974691597,1.76089980919343,"0"
"510",-0.653234562678021,-1.47169824941881,0.0697516956869058,"0"
"511",0.0188639174533239,-0.408555492155043,0.409515677089538,"0"
"512",-0.246981655537562,-1.02015819935308,0.390557429939425,"0"
"513",-0.378738709710473,-1.34428558365673,0.635752018963855,"0"
"514",0.0668094184294991,-0.346872841309478,0.44508559053951,"0"
"515",0.146717328345109,-0.49967006081968,0.857180049375211,"0"
"516",-0.485574462450877,-1.14406525482217,0.237429424699667,"0"
"517",-0.153608334461367,-0.850367433034308,0.544966666519717,"0"
"518",-0.180573654428239,-0.813904831843197,0.36899595338224,"0"
"519",0.102925569901774,-0.3456252904634,0.609133010851059,"0"
"520",-0.401380536171839,-1.40273371728855,0.706105414185713,"0"
"521",0.107831051663231,-0.597467340758808,0.839219647961037,"0"
"522",-0.60711276921323,-1.00219630808476,-0.215086825329293,"1"
"523",-0.109730959317175,-0.927898712605626,0.749882253635642,"0"
"524",-0.190734460880303,-0.940470581173609,0.657643630926962,"0"
"525",-0.0400005494189756,-0.558797992298057,0.520503539868781,"0"
"526",-0.545295998405096,-1.28400345923484,0.196714556861278,"0"
"527",0.102674423959615,-0.710563070569132,0.584990707516065,"0"
"528",-0.221400887361764,-0.752339969946705,0.474980794718413,"0"
"529",-0.600826617887649,-1.25528076466441,-0.0188005861313676,"1"
"530",0.751873970220917,-0.102052620928413,1.50196318851598,"0"
"531",0.293019435420627,-0.229621829918262,0.801691209351753,"0"
"532",-0.623072955344676,-1.2605403363945,0.0987855305269438,"0"
"533",-0.413265326242549,-0.750876447586258,0.00265200534825638,"0"
"534",0.160591455549017,-0.740350484021224,1.04480342231325,"0"
"535",-0.421282788599354,-0.845094968272519,0.0276369161484898,"0"
"536",-0.0621457244394349,-0.482655684266524,0.269921381907687,"0"
"537",-0.168912208198906,-0.931819402848905,0.60225134514355,"0"
"538",-0.0842051604331278,-0.603098496921212,0.453131628601012,"0"
"539",1.0301459317385,0.162214662178614,1.75304271980395,"1"
"540",-0.391844930471418,-1.04822049207018,0.305106508759119,"0"
"541",0.340469814737805,-0.828585134663661,1.27598938508749,"0"
"542",0.117303103854332,-0.588637177130609,0.817494771945431,"0"
"543",0.269554772054834,-0.254607880809254,0.786400215276974,"0"
"544",-0.348314547077491,-0.952168304900002,0.286530349066309,"0"
"545",0.258329949771843,-0.954342283645037,1.82885799749959,"0"
"546",0.128820876577841,-0.475846344860884,0.871813765953965,"0"
"547",-0.301560565273097,-0.909185937796992,0.336996464633106,"0"
"548",-0.180860685226432,-0.931613857873875,0.552206633388208,"0"
"549",0.308777480149636,-0.21878924395671,0.790360376226153,"0"
"550",-0.165312411237924,-0.720532757149965,0.416882473393838,"0"
"551",-0.0490798551712313,-0.698098972681001,0.571746523763149,"0"
"552",0.151250472152697,-1.00994245440128,1.31210712937211,"0"
"553",0.0976191749399216,-0.42150200972738,0.642002992834223,"0"
"554",0.254351096388708,-0.586804329080814,1.10599443809176,"0"
"555",0.217061999780027,-0.142969194680049,0.654274542317953,"0"
"556",0.601469348426058,0.0388328027778434,1.14507998238424,"1"
"557",-0.310223304469149,-0.96275388817521,0.355817015922377,"0"
"558",0.270087088888758,-0.311343769891844,0.948392342091715,"0"
"559",0.0276572759722139,-0.43661418986226,0.496941786516287,"0"
"560",0.468865925884587,-0.318977664450329,1.3841736298379,"0"
"561",0.563711491261105,-0.242592591063429,1.39035147621345,"0"
"562",-0.295024160053416,-0.78419178911146,0.243783188203904,"0"
"563",-0.0668739921777945,-0.501554567367793,0.415344402020927,"0"
"564",0.130315632833548,-0.445165215971713,0.689073666806206,"0"
"565",-0.613907767654024,-1.21857443546188,-0.0038175313976612,"1"
"566",0.451262951338299,-0.155328636312093,1.06965074502519,"0"
"567",0.067494736345006,-0.579710177616125,0.801309448939112,"0"
"568",-0.157817700138338,-0.474040808451001,0.145908035041962,"0"
"569",0.791433076569735,0.184931823047915,1.37167619223777,"1"
"570",0.50073503374806,-0.439418312170347,1.36280601406045,"0"
"571",-0.12218988818917,-0.543918217834265,0.322044312373025,"0"
"572",-0.211139967668724,-0.767974510918986,0.751360677096145,"0"
"573",-0.329206395348586,-0.898520410277852,0.308204966998863,"0"
"574",0.412013667303044,-0.289469015333563,1.18525570021525,"0"
"575",0.826556748036354,0.181755504628181,1.36120619573812,"1"
"576",0.226102566903263,-0.483421945778407,0.850882309713646,"0"
"577",0.359767839022166,-0.678996692097722,1.26238261240107,"0"
"578",0.251773493322857,-0.734651710407151,1.14978049733651,"0"
"579",0.531640211317348,-0.0387002761308215,1.09251759602598,"0"
"580",0.437186309713715,-0.379107350632201,1.04893869783244,"0"
"581",0.137686406359792,-0.581541240625294,0.772884644023154,"0"
"582",0.519496430810674,-0.253011838382679,1.14543671061887,"0"
"583",-0.0701756624985281,-0.640215297680526,0.735223878334854,"0"
"584",-0.0875485516078566,-0.781932667766427,0.668119823202176,"0"
"585",-0.148559256842068,-0.648462615146266,0.315498965127896,"0"
"586",-0.102105761837923,-0.803923348348399,0.518378312590936,"0"
"587",-0.0585234697745758,-0.572965470590466,0.514770540164431,"0"
"588",0.0167893656054447,-0.4228272536877,0.509188293273228,"0"
"589",-0.219842059144665,-0.916770764523262,0.405214811450018,"0"
"590",-0.0233732217185647,-0.727686632835483,0.63955368962816,"0"
"591",-0.153100154385805,-0.920801174667134,0.595429312065916,"0"
"592",0.252233599486038,-0.594697358764528,0.909528389181675,"0"
"593",0.0349528208971931,-1.12484246985381,1.19130655696332,"0"
"594",0.192459486898125,-0.183709103021192,0.581906179548136,"0"
"595",-0.260873692593407,-0.895387623981116,0.393514194223309,"0"
"596",0.398477950361247,-0.276595584666595,0.92868221203879,"0"
"597",0.686137067603893,0.289194310161138,1.0658479158657,"1"
"598",0.014046088591187,-0.614248718634151,0.666278823677608,"0"
"599",0.104749436141377,-0.306702287507632,0.573126115500751,"0"
"600",0.122942241883835,-0.65232756887838,1.0107951887284,"0"
"601",0.118786999422216,-0.429165523547684,0.644334660546607,"0"
"602",-0.265257472599266,-0.979423213720004,0.283745732308002,"0"
"603",0.0963824807317684,-0.393232368547292,0.625313331671653,"0"
"604",-0.0211275236388902,-0.945355716125803,1.24704587583635,"0"
"605",-0.220400620816147,-0.83831143146308,0.388315978554541,"0"
"606",-0.0500866656699178,-0.604335651530331,0.542471311185153,"0"
"607",0.679331788861709,0.0167343981311449,1.34398297842256,"1"
"608",0.545531664052612,0.000886359716122768,1.05090724628989,"1"
"609",-0.025320410047425,-0.536096393554907,0.455178486701689,"0"
"610",0.0219823865558872,-0.488517220316971,0.523215646579516,"0"
"611",0.444068139809799,-0.345744126349514,1.22407185896858,"0"
"612",0.0466129343741954,-0.492654938914416,0.646259091840675,"0"
"613",0.764907462214061,0.207777324021333,1.32099819860879,"1"
"614",0.0115483572046432,-0.78904291289021,1.03540139307172,"0"
"615",-0.0902950268274443,-0.657253581671657,0.357836705306217,"0"
"616",-0.1465557737856,-0.702326473686528,0.458026213294429,"0"
"617",0.107327729276353,-0.374918754113588,0.583996960013884,"0"
"618",-0.115903685361463,-0.829505111257076,0.624889880301076,"0"
"619",0.212401743012826,-0.692870035521036,0.8905584046835,"0"
"620",-0.451479163516117,-1.24753493358111,0.489844650706583,"0"
"621",0.163515559438247,-0.545469409028862,0.852823714893661,"0"
"622",0.679693553724478,0.156651829986243,1.23053447028544,"1"
"623",0.200149882070715,-0.373502615180926,0.731553442475025,"0"
"624",0.135956361580616,-0.621912983829949,0.831015498360839,"0"
"625",-0.242456785684325,-0.780118480446551,0.395569400095231,"0"
"626",-0.0720967816456614,-0.820440599516661,0.887094409719483,"0"
"627",-0.237980197088351,-0.816498299420647,0.300105353607055,"0"
"628",0.121805538021017,-0.597225819199872,0.833373063316111,"0"
"629",0.116831741340875,-0.35107315103896,0.550060226876168,"0"
"630",0.254395238285742,-0.350017865861969,0.839801809253811,"0"
"631",0.220461347351987,-0.625706513818018,1.29304728715175,"0"
"632",0.50831264881323,-0.291780178167326,1.34986413811464,"0"
"633",-0.074730460177002,-0.751628790912068,0.603812648494255,"0"
"634",-0.296880370816771,-0.882096755768042,0.35890339260227,"0"
"635",-0.676548207449533,-1.03232310582585,-0.318529175082449,"1"
"636",-0.154013989517001,-0.615008657507718,0.414995010671681,"0"
"637",-0.144377006174114,-0.96061871585882,0.549114442596245,"0"
"638",0.475061312829962,0.017419615660132,0.972510670671899,"1"
"639",-0.0982745449178403,-0.636867867799666,0.416011354302076,"0"
"640",0.487026475039086,-0.0463440812302705,0.921727359466629,"0"
"641",0.706640271666899,0.112189911970519,1.35529528468477,"1"
"642",0.334946485047666,-0.140471597637516,0.804213266384686,"0"
"643",-0.224124736456209,-0.839358038148987,0.442377031963703,"0"
"644",0.287001564820759,-0.386108069914558,1.09666694712011,"0"
"645",-0.431022388323855,-0.75023759873514,-0.0689513361922413,"1"
"646",-0.257267492725657,-1.10625724964787,0.523464258128651,"0"
"647",0.110141655504787,-0.781686249131474,1.00212780934913,"0"
"648",-0.454553705982979,-1.19110775373193,0.319128350876173,"0"
"649",0.0393271480015755,-0.546309337883346,0.616270733901256,"0"
"650",0.367460587375728,0.115833746023778,0.616095162927408,"1"
"651",0.251569729555654,-0.211569355115379,0.615352240948095,"0"
"652",-0.349202213417412,-0.861534084422199,0.108441481446958,"0"
"653",0.176696646558719,-0.463041223081293,0.90186337747197,"0"
"654",-0.330094629478133,-0.999032764827871,0.325661952737372,"0"
"655",0.158558993253829,-0.57399916417774,0.853809552263811,"0"
"656",-0.449578584072619,-1.06227434949541,0.117080335744983,"0"
"657",-0.0798451813133221,-0.7680239190108,0.594205224737535,"0"
"658",-0.429470812449371,-1.02776104026515,0.27720891072168,"0"
"659",-0.749547166024808,-1.44753760250446,-0.0808182623562903,"1"
"660",-0.353273354512673,-1.13758599979773,0.385987962612486,"0"
"661",0.419170404663569,-0.31036955860542,1.01962449977783,"0"
"662",-0.569552064255393,-1.21630736299889,0.105882547852349,"0"
"663",-0.010650437210714,-0.328021557430107,0.315616502067612,"0"
"664",0.0953917988176815,-0.542343720234902,0.741280840518707,"0"
"665",0.768086534267571,0.0770597362430432,1.38932684178774,"1"
"666",-0.395554611367037,-0.818073326321519,0.0607100548440479,"0"
"667",0.109372737649966,-0.441649426671078,0.775420008752558,"0"
"668",0.510625387307054,-0.179890348449166,1.22586262812598,"0"
"669",0.13663848611206,-0.545532275324628,0.788887204588917,"0"
"670",-0.219621426039591,-0.934245491089576,0.400857097063174,"0"
"671",-0.0833416495721158,-0.476893966112405,0.282950969315283,"0"
"672",-0.105303125854007,-1.15423010001851,1.0857933518798,"0"
"673",-0.0465163772815185,-0.737672747811176,0.650093834932065,"0"
"674",0.370151114835917,-0.457543635875833,1.29466069571498,"0"
"675",-0.190832949116158,-0.906690722563889,0.520158237720951,"0"
"676",-0.166827886088475,-0.527769468160626,0.204257153805348,"0"
"677",-0.159606407129798,-0.863311353927824,0.539128919093535,"0"
"678",-0.379513132271878,-1.0569087378713,0.286516849983004,"0"
"679",-0.658871351028735,-1.02227670944455,-0.289600229007869,"1"
"680",0.118958879336554,-0.503674251008317,0.759301222588415,"0"
"681",0.42685411646811,-0.412643307374345,1.16276887560143,"0"
"682",-0.180637723532428,-0.618657819197201,0.346134357118811,"0"
"683",-0.571963591450618,-1.25434988918432,0.0969601536390886,"0"
"684",-0.0695278282288845,-0.68007228901337,0.653399104325886,"0"
"685",0.0424003243038407,-0.405887011249736,0.471411036680933,"0"
"686",-0.0264607667282422,-0.553213152519429,0.543807819565962,"0"
"687",-0.960048191955018,-1.77269788616928,-0.447348846380615,"1"
"688",0.646688286604923,0.0791540069564718,1.21509813066822,"1"
"689",0.312612180351923,-0.458914820888482,1.12755559861912,"0"
"690",-0.0793898165086969,-0.71228391600622,0.581120565225375,"0"
"691",-0.280274540955215,-1.00625396992162,0.423237793586506,"0"
"692",-0.0934902774794859,-0.650854722740749,0.402022033856342,"0"
"693",0.0944959426079924,-0.549320225160466,0.710476760961632,"0"
"694",-0.195376243601516,-1.01238018031036,0.573227206138935,"0"
"695",-0.0514487928144612,-0.805015783154524,0.64458706045405,"0"
"696",0.0168505182344362,-0.547688596348032,0.623557945485366,"0"
"697",0.412949091989559,-0.102903857663295,0.913294600865803,"0"
"698",-0.120998082795717,-0.636843323691246,0.370554087080997,"0"
"699",-0.154827159277227,-0.588329687090636,0.36724699555545,"0"
"700",-0.0754411116118964,-0.856187699578489,0.616164565454858,"0"
"701",-0.484354998790641,-1.14395591200486,0.058044947991447,"0"
"702",0.460012793469563,-0.183331734004173,1.12568040937933,"0"
"703",-0.377872555156802,-0.860748143567603,0.1254588792156,"0"
"704",-0.319418113174528,-1.29196764675843,0.657203926001413,"0"
"705",-0.349248317991915,-0.986132899923617,0.222191864628605,"0"
"706",-0.161918093209637,-0.962252571119799,0.700886258961799,"0"
"707",-0.179712842915647,-0.805485294841143,0.351033943110976,"0"
"708",0.296769339529387,-0.665788343511436,1.10958196333309,"0"
"709",-0.235133534207509,-1.00614455368168,0.414352183553571,"0"
"710",-0.0558600914908128,-0.86655669488766,0.694371898844215,"0"
"711",0.160835996431174,-0.326942126383072,0.661352756733502,"0"
"712",0.304508948753809,-0.241408370350693,0.791806164080744,"0"
"713",-0.258350811972909,-0.693767512861318,0.163446187663568,"0"
"714",0.0987558178655584,-0.49237313040295,0.660507369293849,"0"
"715",0.0410055299015576,-0.597827006294871,0.656657812963569,"0"
"716",0.227787002861661,-0.454793114513237,0.861947023198723,"0"
"717",0.113240262853367,-0.705573104189685,0.822531950604916,"0"
"718",-0.647805381877639,-1.31631120319781,0.00376644182534042,"0"
"719",-0.260183459477512,-0.961261724460902,0.531617489995118,"0"
"720",0.41807636468813,0.0368440826553252,0.850084583874958,"1"
"721",0.222429248787046,-0.289849405846762,0.741283764700049,"0"
"722",-0.60506964975998,-1.23728389449154,-0.041779002126949,"1"
"723",-0.635401093299719,-1.16263889496233,-0.0891486803633769,"1"
"724",-0.103862987603903,-0.835388191518572,0.727593980083675,"0"
"725",0.0452772205510723,-0.451609332923916,0.485598782334202,"0"
"726",0.253644861221742,-0.405136048647991,0.879409608066152,"0"
"727",-0.213325316639867,-0.917102656021817,0.485184063863692,"0"
"728",-0.702402719301895,-1.33048444090382,-0.0330633193934183,"1"
"729",-0.59583649913761,-1.01131797181169,-0.162715743362386,"1"
"730",0.173847733457445,-0.581672536194607,0.690690682158318,"0"
"731",-0.372011123704715,-0.880343001194218,0.13953129115432,"0"
"732",-0.571627612491429,-1.21931587591313,0.10937979357855,"0"
"733",-0.133758352405148,-0.723048433469072,0.431108840785975,"0"
"734",0.120834452130224,-0.540489354954035,0.733990779237591,"0"
"735",-0.298270962487118,-1.03279920481143,0.540259673334934,"0"
"736",-0.135834461035704,-0.912849517125131,0.708076292077861,"0"
"737",-0.251525227331738,-0.678058715120306,0.134292205210943,"0"
"738",0.16814148058084,-0.2331585122549,0.590025689494264,"0"
"739",0.0754686146311125,-0.533718741773218,0.685219357994646,"0"
"740",0.587049254844342,-0.137926999219103,1.29268318870333,"0"
"741",-0.184963968419619,-0.678777793848854,0.367139564752567,"0"
"742",0.331276990153704,-0.227870134158277,0.813843428842865,"0"
"743",-0.297695302252487,-0.585686077740135,-0.0035792673088607,"1"
"744",-0.201547395232711,-1.04658192674507,0.50427443100772,"0"
"745",-0.131522893179021,-1.26819375492255,1.15430175854731,"0"
"746",0.167881410795692,-0.583635326299501,0.890824491779257,"0"
"747",-0.403871262466092,-0.867427266499308,0.139376711763717,"0"
"748",0.00433104758795281,-0.972597182454507,0.928261669317741,"0"
"749",0.214064377521912,-0.366179209468024,0.785341750260284,"0"
"750",0.0402242155819093,-0.324567338742658,0.384557305933754,"0"
"751",0.3422127705812,-0.241742567056365,0.865667249710744,"0"
"752",-0.16573858696587,-1.00034040317984,0.696606103403965,"0"
"753",0.344378745971665,-0.322503138783454,0.948445617547622,"0"
"754",-0.439077322602016,-0.935470409570838,0.0290647480927747,"0"
"755",-0.500293916446499,-1.16260275215031,0.225094511136798,"0"
"756",0.160768326835169,-0.589357994380651,0.949351834261576,"0"
"757",-0.0856219421835492,-0.810690936067877,0.624025092563953,"0"
"758",-0.10353122081824,-0.552405745665907,0.381952875562006,"0"
"759",-0.0383837494788465,-0.568717114427231,0.584033046910619,"0"
"760",-0.585060252972948,-1.35454355015002,0.225485037272706,"0"
"761",0.218672734409986,-0.415973821696653,1.22913059379455,"0"
"762",0.0539980527343978,-0.661442536259899,0.752596481573619,"0"
"763",-0.507827959135593,-1.01459232126109,0.390043963956312,"0"
"764",-0.25488493206031,-1.00404348892709,0.561280380603833,"0"
"765",0.30825431987913,-0.337072072961158,0.935252084390919,"0"
"766",0.490822089496441,0.0426140300227402,0.992102139551782,"1"
"767",0.121159999434491,-0.567053650662963,0.856151617023315,"0"
"768",0.24009804657953,-0.650488125389958,1.0839864673668,"0"
"769",0.663112729330979,-0.152517399375462,1.61908216279421,"0"
"770",0.062655326631053,-0.689878312858993,0.713301760287222,"0"
"771",0.277195801149668,-0.293875865512707,0.746369113216244,"0"
"772",-0.111193680793103,-0.844927474342523,0.675042349542438,"0"
"773",-0.0957416199705371,-0.506723885369623,0.332229999114015,"0"
"774",0.0286480164527741,-0.629050849368681,0.728733067478785,"0"
"775",0.400815936338936,-0.107956649685626,0.992391738415325,"0"
"776",-0.311426659808063,-0.893027413689475,0.212715889455071,"0"
"777",-0.156892215119399,-0.674518401834258,0.353808926550872,"0"
"778",0.100004597229942,-0.555342734101091,0.963235705894311,"0"
"779",-0.0192263556447598,-0.537561467781473,0.516162318373086,"0"
"780",0.357215148370447,-0.226625049339201,0.95142191849076,"0"
"781",-0.0482184172705436,-0.658350071213636,0.573350267536164,"0"
"782",-0.263688993888012,-1.14311825773016,0.771231497456317,"0"
"783",0.2554657900449,-0.345369273808071,0.805601903732302,"0"
"784",-0.0498774984806659,-0.640102189616306,0.466942733631282,"0"
"785",-0.0969996484688293,-0.564042548582904,0.476759076176051,"0"
"786",-0.0944317098904538,-0.625474626123077,0.458512198633283,"0"
"787",0.20627041967116,-0.303228852859022,0.733052096719172,"0"
"788",-0.34605316294163,-0.983547898741144,0.462475629582453,"0"
"789",-0.196211753514259,-0.956903682521328,0.518666231618436,"0"
"790",0.141581716809591,-0.398115162180489,0.741679556276384,"0"
"791",0.00284827628322215,-0.702313613422459,0.718643348250797,"0"
"792",-0.283763314343187,-0.881809918167514,0.249979935248107,"0"
"793",0.274576830524813,-0.150232973902746,0.690732371997467,"0"
"794",-0.15399974726151,-0.706700698276347,0.465473141269012,"0"
"795",0.141672932322633,-0.699588493480809,0.992311459263761,"0"
"796",-0.641824213348995,-1.09439599146974,-0.177120501759824,"1"
"797",0.298075321355605,-0.121449653823355,0.705212056810304,"0"
"798",0.0730869952937379,-0.576681560251168,0.787002891570117,"0"
"799",-0.179675595851016,-0.772212931546945,0.501631441206234,"0"
"800",-0.169121999604192,-0.71817975818609,0.395774181315137,"0"
"801",0.320231919968287,-0.261873708610467,0.867912211366462,"0"
"802",-0.0493903025577153,-0.577828852873805,0.436872294601354,"0"
"803",-0.400243509552429,-0.865222034390462,0.0595286998442791,"0"
"804",0.270678490601778,-0.605810195318612,1.32747665971997,"0"
"805",0.446038634059985,0.0159419583307173,0.926333229797589,"1"
"806",0.521350824258858,-0.0980901812671893,1.21684126161029,"0"
"807",0.220013816408692,0.000407224504041273,0.468005841013287,"1"
"808",-0.595867617019978,-1.31355081632073,0.136816031336268,"0"
"809",0.559345422481403,-0.0161167050044021,1.01771888467505,"0"
"810",-0.260190199714883,-0.825959894428786,0.357413733839521,"0"
"811",0.443967157305752,-0.35132261966701,1.24145594938097,"0"
"812",0.11190254871498,-1.01315770727255,1.23491550925938,"0"
"813",0.466833570040849,-0.378980165589161,1.25816760433459,"0"
"814",-0.862831261421781,-1.40898310120376,-0.340360156790046,"1"
"815",-0.0957498783577936,-0.50586781970689,0.291800596468037,"0"
"816",0.180245181133996,-0.637006228893306,0.77118895267461,"0"
"817",-0.00999649334463209,-0.588512888736068,0.561399575019115,"0"
"818",0.236709004691509,-0.363205057366261,1.18233158588993,"0"
"819",-0.329178649905338,-0.930149494903221,0.3247729071636,"0"
"820",0.050141117652081,-0.791263219791047,0.895660920654972,"0"
"821",-0.399422732291439,-1.40853752221632,0.733819726694701,"0"
"822",-0.151887050067149,-1.25454619340819,0.894124623993993,"0"
"823",-0.84213214030861,-1.75087232466451,0.0228916632587206,"0"
"824",0.522567891661114,-0.182065313143737,1.16935409696669,"0"
"825",-0.358087281195197,-1.19023328496572,0.341193957088482,"0"
"826",0.846562832658994,0.295575578133452,1.77039839096508,"1"
"827",-0.096431304482846,-0.876069231194154,0.704085574172866,"0"
"828",0.168792164448604,-0.325797202419455,0.690511114062423,"0"
"829",-0.287207101785782,-0.98675246224687,0.40183156235316,"0"
"830",0.746020729730693,0.0878891894446074,1.32359024160442,"1"
"831",-0.282231451739594,-1.02986374746608,0.299117702164778,"0"
"832",0.239856134123632,-0.427115427653515,0.841394065669529,"0"
"833",0.683446024188414,0.373956526841133,0.993102950814792,"1"
"834",-0.239340599363004,-0.788892218580632,0.395365171751815,"0"
"835",0.0266133211340016,-0.485833127885032,0.543375253692885,"0"
"836",0.0766743407277018,-0.408851048361383,0.617615460905064,"0"
"837",-0.732767652164349,-1.39495160606646,0.00247817496962506,"0"
"838",-0.379848875599788,-0.986494389156358,0.333806044679064,"0"
"839",0.399269500190243,-0.162193981971841,0.87084943112284,"0"
"840",-0.38277461568696,-1.08423822896956,0.185096773264102,"0"
"841",0.765726141974777,0.114241347090918,1.36823631871868,"1"
"842",0.554831167384604,-0.214772978276276,1.65390507314793,"0"
"843",-0.787295542593874,-1.16654922413014,-0.265739749501643,"1"
"844",0.186081731812992,-0.506151817482301,0.838297319765855,"0"
"845",-0.194655600952631,-0.955056346957856,0.37244542074459,"0"
"846",0.0872545737266201,-0.460242576220648,0.630919685156718,"0"
"847",0.164468201242032,-0.666624497097349,1.01938298728796,"0"
"848",0.0661985945502628,-0.504802576434516,0.677142237469311,"0"
"849",-0.22884625505357,-0.905578300276703,0.155137800582953,"0"
"850",-0.301903446082963,-1.06978439403455,0.494322382323652,"0"
"851",0.0451070161350392,-0.7243370118341,0.813069350374899,"0"
"852",0.0543407584286064,-0.483940269070308,0.58188403649016,"0"
"853",0.423447005965943,-0.346260042884823,1.2227918838789,"0"
"854",-0.622434954524006,-1.05657627663767,-0.169370362306377,"1"
"855",-0.162878427980273,-1.00832452200721,0.719496306215694,"0"
"856",-0.112663177764788,-0.896002588985685,0.678066824154841,"0"
"857",0.178668816167001,-0.419103722448334,0.669573513425145,"0"
"858",-0.120586707457869,-0.56642140835467,0.314160342015119,"0"
"859",0.239500429093269,-0.53277820814745,1.01641010482997,"0"
"860",-0.312819535518594,-0.876649746802661,0.228053004461969,"0"
"861",0.0801747687833312,-0.585876756654643,0.674325197423228,"0"
"862",-0.15333900934811,-1.02740698889682,0.67873713328625,"0"
"863",0.0979270902312753,-0.763803138869109,0.932705886165262,"0"
"864",0.444901804644493,0.0513472983202358,0.770068076164315,"1"
"865",0.437312252379625,-0.250566831654372,1.14629407103027,"0"
"866",0.206042155787895,-0.293805016320185,0.764420643787729,"0"
"867",-0.338669628832975,-1.01008321634864,0.374741247407531,"0"
"868",0.179845056327837,-0.402405475805446,0.776718763583512,"0"
"869",-0.179975818675933,-0.550697785678552,0.192138625975197,"0"
"870",-0.113898769097216,-0.745379697148025,0.582747744027357,"0"
"871",-0.47476115139808,-1.16454932833417,0.278487609084514,"0"
"872",-0.179856983436713,-0.723570507093088,0.465653797750544,"0"
"873",-0.114594362064554,-0.682764549652935,0.383449386254747,"0"
"874",-0.28915414709475,-0.628375434314488,0.0923598804735712,"0"
"875",0.187187570442205,-0.26774731303755,0.781848429243652,"0"
"876",0.269773729421325,-0.342271020175833,1.08293004802424,"0"
"877",0.162331867885532,-0.330799291206486,0.673185372923146,"0"
"878",0.13633340130381,-0.630126678261559,0.921794402188467,"0"
"879",-0.195207349613962,-0.758370802041817,0.313309994176472,"0"
"880",-0.287803909934791,-1.09331154323174,0.397212275171254,"0"
"881",-0.155601890830315,-0.769780785224659,0.452173152985193,"0"
"882",0.306617832784667,-0.361891096739682,1.03441331322958,"0"
"883",0.51465488698266,-0.0160528428472066,1.03180558297964,"0"
"884",0.515859685588048,-0.109012245665668,1.16695151000006,"0"
"885",0.237068263637495,-0.427608019682046,0.82457423360142,"0"
"886",0.000551033051866324,-0.35134285412763,0.345578256130352,"0"
"887",-0.368379440411619,-1.03328737877681,0.279813008911574,"0"
"888",0.226939312691231,-0.416454829807809,0.903821228390921,"0"
"889",-0.142674350728875,-0.907915736936757,1.0859270940483,"0"
"890",-0.282637563949021,-1.1778392205836,0.600869836597749,"0"
"891",0.0376526330696463,-0.593822449319943,0.752925638153874,"0"
"892",0.530027288973345,-0.103784423908484,1.12305344047001,"0"
"893",0.378731592000019,-0.0663377970274411,0.874317540128639,"0"
"894",-0.322077280830076,-0.734380839359593,0.0570579223452257,"0"
"895",0.241832385719044,-0.986719303776491,1.5199169044332,"0"
"896",-0.0363219591007331,-0.582159421862936,0.527995900221906,"0"
"897",-0.345208525614982,-0.927474878053753,0.275173362682788,"0"
"898",-0.602311511480693,-1.41565282120824,0.10835813835023,"0"
"899",0.161680367840305,-0.358042934597033,0.714949948740294,"0"
"900",0.134198682422395,-0.602554641817303,0.852173250887812,"0"
"901",-0.264183624305036,-0.768594575941366,0.460612061083092,"0"
"902",-0.356037069353293,-1.16434979553034,0.419479578784854,"0"
"903",-0.270637732453525,-0.949794713270934,0.39554202398731,"0"
"904",0.46639924053831,-0.131041826923068,1.13407439565662,"0"
"905",-0.321399951705606,-0.665681204805234,0.0190598987975685,"0"
"906",-0.271260183228465,-0.799250847888824,0.19579908031565,"0"
"907",0.0740535452692217,-0.823360633651753,0.975530202058386,"0"
"908",-0.551487701682666,-1.33069190218724,0.623102797416897,"0"
"909",0.00422611935028051,-0.495401511766125,0.480769104968967,"0"
"910",0.152178258244134,-0.440832883748608,0.761666959504091,"0"
"911",-0.0588235033157849,-0.5863676640335,0.496243803846771,"0"
"912",0.188522999628057,-0.578435820193285,0.905181441804328,"0"
"913",-0.315174999470016,-1.13897296526422,0.446573287802997,"0"
"914",-0.273094487847788,-1.03054624414046,0.507472183911026,"0"
"915",-0.518068118313474,-1.3297196290314,0.352016280041134,"0"
"916",0.132276403149646,-0.448811719806534,0.710435099045632,"0"
"917",0.266565104251534,-0.432226044315832,0.95531939544503,"0"
"918",0.890045917387956,0.0370261868715134,1.69874040417557,"1"
"919",-0.149851203788065,-0.635688119567485,0.229314764426781,"0"
"920",0.414508523068482,-0.383749446905027,1.12663684738956,"0"
"921",0.367850859270448,-0.213706477485609,0.960793917306624,"0"
"922",0.129883508781771,-0.451404419756418,0.647824480959222,"0"
"923",-0.226251245381642,-0.906188616201236,0.499143728484229,"0"
"924",0.293648003110671,-0.475535966094983,1.14461978980981,"0"
"925",0.259463853473429,-0.170815635290786,0.710717963581619,"0"
"926",-0.236145559229173,-0.602585043942846,0.14276946019186,"0"
"927",-0.28354593226369,-1.12561904099208,0.53713484345811,"0"
"928",-0.260418326408384,-0.862952934416891,0.415347630066148,"0"
"929",-0.207702136909719,-0.887205867611847,0.426049838672047,"0"
"930",-0.0649896249002527,-0.712263137065691,0.566963506117944,"0"
"931",0.629667949208813,0.0423747928224919,1.317889840073,"1"
"932",0.942758900809663,0.0593606698457106,1.65966251434746,"1"
"933",-0.0684574642249089,-0.617680461959979,0.655354234144372,"0"
"934",-0.104348804829294,-0.895784841399841,0.690280505153331,"0"
"935",0.246188517867264,-0.199771926714436,0.719688320352871,"0"
"936",-0.1832878462956,-0.792233666023096,0.372904174854724,"0"
"937",0.479959135205287,-0.0569209634432389,1.02544924389477,"0"
"938",0.177370367852895,-0.370963906770521,1.13602709586593,"0"
"939",0.195295631007808,-0.375488191412236,0.711472261503082,"0"
"940",0.063654913699921,-0.652059060350615,0.774809287442264,"0"
"941",-0.206801113931033,-0.686430069485615,0.306032469624671,"0"
"942",0.355069454900297,-0.512533498592115,1.23681620817256,"0"
"943",0.371900584361528,0.0862124601491282,0.690208661135293,"1"
"944",0.0339332784935743,-0.651262943498251,0.6952937444097,"0"
"945",0.135383073070343,-0.58551152556995,0.74576407293638,"0"
"946",0.421036910694891,-0.242989282693429,1.25143474785627,"0"
"947",0.301875848631517,-0.341801393299608,0.938919839537607,"0"
"948",-0.0460498172035979,-0.884999326630777,0.697741428017328,"0"
"949",-0.161290980521383,-0.880922650057342,0.404971827943456,"0"
"950",-0.00971298919406745,-0.576462858851792,0.581339963177079,"0"
"951",-0.0621706998895105,-0.841928360004563,0.780355676052546,"0"
"952",0.264914111679846,-0.514888829478266,1.02997788641861,"0"
"953",0.259460417538719,-0.159708908925689,0.795919785004317,"0"
"954",-0.300000726715534,-2.59373698816551,0.549455781072856,"0"
"955",0.0680129791795602,-1.2673381930148,1.25011647061817,"0"
"956",0.330976736760541,-0.291930799044485,1.06990754851257,"0"
"957",0.033917637295584,-0.812560191533769,0.827691648663801,"0"
"958",-0.321810445817874,-0.794606908173928,0.217855402537403,"0"
"959",0.168187989012702,-0.617299506757127,0.966518184356341,"0"
"960",-0.293215684973347,-0.847804360248551,0.336540834039338,"0"
"961",-0.409088948075312,-1.27784629867685,0.397000304361978,"0"
"962",0.339547710143501,-0.194998387833001,0.837715908898805,"0"
"963",-0.0669373059286312,-0.446073149150228,0.311376723691067,"0"
"964",0.430602843205323,-0.29273291329154,1.13574860934696,"0"
"965",0.0627065294688098,-0.500454798087348,0.632185120757685,"0"
"966",0.558034408569434,-0.108821940090598,1.32632276319075,"0"
"967",0.0985029283968793,-0.623279689548955,0.83030877433177,"0"
"968",0.379813999520043,-0.493024905249204,1.12866422070845,"0"
"969",0.101114417186406,-0.590968130500261,0.778701004032895,"0"
"970",0.101648699228634,-0.588267424838934,0.822075318895119,"0"
"971",0.096522048839587,-0.431612057765546,0.623633394175165,"0"
"972",0.0651374847539032,-0.626251546383888,0.614225992070647,"0"
"973",-0.264619133193632,-0.614754495228414,0.0478694792221913,"0"
"974",0.217569433555521,-0.337532589314062,0.786299732968521,"0"
"975",0.322520123938212,-0.215703200024067,0.897664585326512,"0"
"976",-0.205094903890709,-0.70816888018758,0.331349184139526,"0"
"977",0.143046331529724,-0.36940463210299,0.598701193491468,"0"
"978",0.0654906753633945,-0.413901016206023,0.585293192475485,"0"
"979",-0.172097491104157,-0.705033829639874,0.281594048671262,"0"
"980",0.779076164180166,-0.124718778925542,1.94368792760501,"0"
"981",0.116354980087975,-0.31933005845908,0.57033094004427,"0"
"982",0.160302902381978,-0.271763995656002,0.617945235929866,"0"
"983",-0.165771691940021,-0.975418504813746,0.616041349012166,"0"
"984",-0.125959253583726,-1.04872225295583,0.765567290976924,"0"
"985",-0.480090721277849,-1.42516858981473,0.403647843860612,"0"
"986",0.305451420120728,-0.381496341366997,0.872509213885383,"0"
"987",-0.164960702954563,-0.517908658914632,0.169107197720464,"0"
"988",-0.3188825250094,-0.839561496208001,0.250246168693743,"0"
"989",-0.393294372509654,-0.747823988226714,-0.0952073745329116,"1"
"990",0.160452150859379,-0.470004052432871,0.821637540479113,"0"
"991",-0.054287083306553,-0.633753284692939,0.623490965797964,"0"
"992",-0.305991112233364,-1.43530474683047,0.735917278524936,"0"
"993",0.194503944576004,-0.535573744955153,0.778529720900585,"0"
"994",-0.0898463201647419,-1.11290148328107,0.901823619538728,"0"
"995",-0.0501444409978293,-1.24240085106873,1.06887555865351,"0"
"996",0.722196457779603,0.0758133908771616,1.35078836830668,"1"
"997",0.377839949563448,-0.270194291606602,1.01546548867174,"0"
"998",0.0367357900209347,-0.190061712519704,0.284841688417761,"0"
"999",-0.390815854308832,-1.30380152547807,0.394147807796773,"0"
"1000",0.03376462,-0.8835032,0.9806936,"0"
